type,start_x,start_y,end_x,end_y
ground,0,2010,50,2060
ground,50,2010,100,2060
ground,100,2010,150,2060
ground,150,2010,200,2060
ground,200,2010,250,2060
ground,250,2010,300,2060
ground,300,2010,350,2060
ground,350,2010,400,2060
ground,400,2010,450,2060
ground,450,2010,500,2060
ground,500,2010,550,2060
ground,550,2010,600,2060
ground,600,2010,650,2060
ground,650,2010,700,2060
ground,700,2010,750,2060
ground,750,2010,800,2060
ground,800,2010,850,2060
ground,850,2010,900,2060
ground,900,2010,950,2060
ground,950,2010,1000,2060
ground,1000,2010,1050,2060
ground,1050,2010,1100,2060
ground,1100,2010,1150,2060
ground,1150,2010,1200,2060
ground,1200,2010,1250,2060
ground,1250,2010,1300,2060
ground,1300,2010,1350,2060
ground,1350,2010,1400,2060
ground,1400,2010,1450,2060
ground,1450,2010,1500,2060
ground,1500,2010,1550,2060
ground,1550,2010,1600,2060
ground,1600,2010,1650,2060
ground,1650,2010,1700,2060
ground,1700,2010,1750,2060
ground,1750,2010,1800,2060
ground,1800,2010,1850,2060
ground,1850,2010,1900,2060
ground,1900,2010,1950,2060
ground,1950,2010,2000,2060
ground,2000,2010,2050,2060
ground,2050,2010,2100,2060
ground,2100,2010,2150,2060
ground,2150,2010,2200,2060
ground,2200,2010,2250,2060
ground,2250,2010,2300,2060
ground,2300,2010,2350,2060
ground,2350,2010,2400,2060
ground,2400,2010,2450,2060
ground,2450,2010,2500,2060
ground,2500,2010,2550,2060
ground,2550,2010,2600,2060
ground,2600,2010,2650,2060
ground,2650,2010,2700,2060
ground,2700,2010,2750,2060
ground,2750,2010,2800,2060
ground,2800,2010,2850,2060
ground,2850,2010,2900,2060
ground,2900,2010,2950,2060
ground,2950,2010,3000,2060
ground,3000,2010,3050,2060
ground,3050,2010,3100,2060
ground,3100,2010,3150,2060
ground,3150,2010,3200,2060
ground,3200,2010,3250,2060
ground,3250,2010,3300,2060
ground,3300,2010,3350,2060
ground,3350,2010,3400,2060
ground,3400,2010,3450,2060
ground,3450,2010,3500,2060
ground,3500,2010,3550,2060
ground,3550,2010,3600,2060
ground,3600,2010,3650,2060
ground,3650,2010,3700,2060
ground,3700,2010,3750,2060
ground,3750,2010,3800,2060
ground,3800,2010,3850,2060
ground,3850,2010,3900,2060
ground,3900,2010,3950,2060
ground,3950,2010,4000,2060
ground,4000,2010,4050,2060
ground,4050,2010,4100,2060
ground,4100,2010,4150,2060
ground,4150,2010,4200,2060
ground,4200,2010,4250,2060
ground,4250,2010,4300,2060
ground,4300,2010,4350,2060
ground,4350,2010,4400,2060
ground,4400,2010,4450,2060
ground,4450,2010,4500,2060
ground,4500,2010,4550,2060
ground,4550,2010,4600,2060
ground,4600,2010,4650,2060
ground,4650,2010,4700,2060
ground,4700,2010,4750,2060
ground,4750,2010,4800,2060
ground,4800,2010,4850,2060
ground,4850,2010,4900,2060
ground,4900,2010,4950,2060
ground,4950,2010,5000,2060
ground,5000,2010,5050,2060
ground,5050,2010,5100,2060
ground,5100,2010,5150,2060
ground,5150,2010,5200,2060
ground,5200,2010,5250,2060
ground,5250,2010,5300,2060
ground,5300,2010,5350,2060
ground,5350,2010,5400,2060
ground,5400,2010,5450,2060
ground,5450,2010,5500,2060
ground,5500,2010,5550,2060
ground,5550,2010,5600,2060
ground,5600,2010,5650,2060
ground,5650,2010,5700,2060
ground,5700,2010,5750,2060
ground,5750,2010,5800,2060
ground,5800,2010,5850,2060
ground,5850,2010,5900,2060
ground,5900,2010,5950,2060
ground,5950,2010,6000,2060
ground,6000,2010,6050,2060
ground,6050,2010,6100,2060
ground,6100,2010,6150,2060
ground,6150,2010,6200,2060
ground,6200,2010,6250,2060
ground,6250,2010,6300,2060
ground,6300,2010,6350,2060
ground,6350,2010,6400,2060
ground,6400,2010,6450,2060
ground,6450,2010,6500,2060
ground,6500,2010,6550,2060
ground,6550,2010,6600,2060
ground,6600,2010,6650,2060
ground,6650,2010,6700,2060
ground,6700,2010,6750,2060
ground,6750,2010,6800,2060
ground,6800,2010,6850,2060
ground,6850,2010,6900,2060
ground,6900,2010,6950,2060
ground,6950,2010,7000,2060
ground,7000,2010,7050,2060
ground,7050,2010,7100,2060
ground,7100,2010,7150,2060
ground,7150,2010,7200,2060
ground,7200,2010,7250,2060
ground,7250,2010,7300,2060
ground,7300,2010,7350,2060
ground,7350,2010,7400,2060
ground,7400,2010,7450,2060
ground,7450,2010,7500,2060
ground,7500,2010,7550,2060
ground,7550,2010,7600,2060
ground,7600,2010,7650,2060
ground,7650,2010,7700,2060
ground,7700,2010,7750,2060
ground,7750,2010,7800,2060
ground,7800,2010,7850,2060
ground,7850,2010,7900,2060
ground,7900,2010,7950,2060
ground,7950,2010,8000,2060
ground,8000,2010,8050,2060
ground,8050,2010,8100,2060
ground,8100,2010,8150,2060
ground,8150,2010,8200,2060
ground,8200,2010,8250,2060
ground,8250,2010,8300,2060
ground,8300,2010,8350,2060
ground,8350,2010,8400,2060
ground,8400,2010,8450,2060
ground,8450,2010,8500,2060
ground,8500,2010,8550,2060
ground,8550,2010,8600,2060
ground,8600,2010,8650,2060
ground,8650,2010,8700,2060
ground,8700,2010,8750,2060
ground,8750,2010,8800,2060
ground,8800,2010,8850,2060
ground,8850,2010,8900,2060
ground,8900,2010,8950,2060
ground,8950,2010,9000,2060
ground,9000,2010,9050,2060
ground,9050,2010,9100,2060
ground,9100,2010,9150,2060
ground,9150,2010,9200,2060
ground,9200,2010,9250,2060
ground,9250,2010,9300,2060
ground,9300,2010,9350,2060
ground,9350,2010,9400,2060
ground,9400,2010,9450,2060
ground,9450,2010,9500,2060
ground,9500,2010,9550,2060
ground,9550,2010,9600,2060
ground,9600,2010,9650,2060
ground,9650,2010,9700,2060
ground,9700,2010,9750,2060
ground,9750,2010,9800,2060
ground,9800,2010,9850,2060
ground,9850,2010,9900,2060
ground,9900,2010,9950,2060
ground,9950,2010,10000,2060
ground,10000,2010,10050,2060
ground,10050,2010,10100,2060
ground,10100,2010,10150,2060
ground,10150,2010,10200,2060
ground,10200,2010,10250,2060
ground,10250,2010,10300,2060
ground,10300,2010,10350,2060
ground,10350,2010,10400,2060
ground,10400,2010,10450,2060
ground,10450,2010,10500,2060
ground,10500,2010,10550,2060
ground,10550,2010,10600,2060
ground,10600,2010,10650,2060
ground,10650,2010,10700,2060
ground,10700,2010,10750,2060
ground,10750,2010,10800,2060
ground,10800,2010,10850,2060
ground,10850,2010,10900,2060
ground,10900,2010,10950,2060
ground,10950,2010,11000,2060
ground,11000,2010,11050,2060
ground,11050,2010,11100,2060
ground,11100,2010,11150,2060
ground,11150,2010,11200,2060
ground,11200,2010,11250,2060
ground,11250,2010,11300,2060
ground,11300,2010,11350,2060
ground,11350,2010,11400,2060
ground,11400,2010,11450,2060
ground,11450,2010,11500,2060
ground,11500,2010,11550,2060
ground,11550,2010,11600,2060
ground,11600,2010,11650,2060
ground,11650,2010,11700,2060
ground,11700,2010,11750,2060
ground,11750,2010,11800,2060
ground,11800,2010,11850,2060
ground,11850,2010,11900,2060
ground,11900,2010,11950,2060
ground,11950,2010,12000,2060
ground,12000,2010,12050,2060
ground,12050,2010,12100,2060
ground,12100,2010,12150,2060
ground,12150,2010,12200,2060
ground,12200,2010,12250,2060
ground,12250,2010,12300,2060
ground,12300,2010,12350,2060
ground,12350,2010,12400,2060
ground,12400,2010,12450,2060
ground,12450,2010,12500,2060
ground,12500,2010,12550,2060
ground,12550,2010,12600,2060
ground,12600,2010,12650,2060
ground,12650,2010,12700,2060
ground,12700,2010,12750,2060
ground,12750,2010,12800,2060
ground,0,2060,50,2110
ground,50,2060,100,2110
ground,100,2060,150,2110
ground,150,2060,200,2110
ground,200,2060,250,2110
ground,250,2060,300,2110
ground,300,2060,350,2110
ground,350,2060,400,2110
ground,400,2060,450,2110
ground,450,2060,500,2110
ground,500,2060,550,2110
ground,550,2060,600,2110
ground,600,2060,650,2110
ground,650,2060,700,2110
ground,700,2060,750,2110
ground,750,2060,800,2110
ground,800,2060,850,2110
ground,850,2060,900,2110
ground,900,2060,950,2110
ground,950,2060,1000,2110
ground,1000,2060,1050,2110
ground,1050,2060,1100,2110
ground,1100,2060,1150,2110
ground,1150,2060,1200,2110
ground,1200,2060,1250,2110
ground,1250,2060,1300,2110
ground,1300,2060,1350,2110
ground,1350,2060,1400,2110
ground,1400,2060,1450,2110
ground,1450,2060,1500,2110
ground,1500,2060,1550,2110
ground,1550,2060,1600,2110
ground,1600,2060,1650,2110
ground,1650,2060,1700,2110
ground,1700,2060,1750,2110
ground,1750,2060,1800,2110
ground,1800,2060,1850,2110
ground,1850,2060,1900,2110
ground,1900,2060,1950,2110
ground,1950,2060,2000,2110
ground,2000,2060,2050,2110
ground,2050,2060,2100,2110
ground,2100,2060,2150,2110
ground,2150,2060,2200,2110
ground,2200,2060,2250,2110
ground,2250,2060,2300,2110
ground,2300,2060,2350,2110
ground,2350,2060,2400,2110
ground,2400,2060,2450,2110
ground,2450,2060,2500,2110
ground,2500,2060,2550,2110
ground,2550,2060,2600,2110
ground,2600,2060,2650,2110
ground,2650,2060,2700,2110
ground,2700,2060,2750,2110
ground,2750,2060,2800,2110
ground,2800,2060,2850,2110
ground,2850,2060,2900,2110
ground,2900,2060,2950,2110
ground,2950,2060,3000,2110
ground,3000,2060,3050,2110
ground,3050,2060,3100,2110
ground,3100,2060,3150,2110
ground,3150,2060,3200,2110
ground,3200,2060,3250,2110
ground,3250,2060,3300,2110
ground,3300,2060,3350,2110
ground,3350,2060,3400,2110
ground,3400,2060,3450,2110
ground,3450,2060,3500,2110
ground,3500,2060,3550,2110
ground,3550,2060,3600,2110
ground,3600,2060,3650,2110
ground,3650,2060,3700,2110
ground,3700,2060,3750,2110
ground,3750,2060,3800,2110
ground,3800,2060,3850,2110
ground,3850,2060,3900,2110
ground,3900,2060,3950,2110
ground,3950,2060,4000,2110
ground,4000,2060,4050,2110
ground,4050,2060,4100,2110
ground,4100,2060,4150,2110
ground,4150,2060,4200,2110
ground,4200,2060,4250,2110
ground,4250,2060,4300,2110
ground,4300,2060,4350,2110
ground,4350,2060,4400,2110
ground,4400,2060,4450,2110
ground,4450,2060,4500,2110
ground,4500,2060,4550,2110
ground,4550,2060,4600,2110
ground,4600,2060,4650,2110
ground,4650,2060,4700,2110
ground,4700,2060,4750,2110
ground,4750,2060,4800,2110
ground,4800,2060,4850,2110
ground,4850,2060,4900,2110
ground,4900,2060,4950,2110
ground,4950,2060,5000,2110
ground,5000,2060,5050,2110
ground,5050,2060,5100,2110
ground,5100,2060,5150,2110
ground,5150,2060,5200,2110
ground,5200,2060,5250,2110
ground,5250,2060,5300,2110
ground,5300,2060,5350,2110
ground,5350,2060,5400,2110
ground,5400,2060,5450,2110
ground,5450,2060,5500,2110
ground,5500,2060,5550,2110
ground,5550,2060,5600,2110
ground,5600,2060,5650,2110
ground,5650,2060,5700,2110
ground,5700,2060,5750,2110
ground,5750,2060,5800,2110
ground,5800,2060,5850,2110
ground,5850,2060,5900,2110
ground,5900,2060,5950,2110
ground,5950,2060,6000,2110
ground,6000,2060,6050,2110
ground,6050,2060,6100,2110
ground,6100,2060,6150,2110
ground,6150,2060,6200,2110
ground,6200,2060,6250,2110
ground,6250,2060,6300,2110
ground,6300,2060,6350,2110
ground,6350,2060,6400,2110
ground,6400,2060,6450,2110
ground,6450,2060,6500,2110
ground,6500,2060,6550,2110
ground,6550,2060,6600,2110
ground,6600,2060,6650,2110
ground,6650,2060,6700,2110
ground,6700,2060,6750,2110
ground,6750,2060,6800,2110
ground,6800,2060,6850,2110
ground,6850,2060,6900,2110
ground,6900,2060,6950,2110
ground,6950,2060,7000,2110
ground,7000,2060,7050,2110
ground,7050,2060,7100,2110
ground,7100,2060,7150,2110
ground,7150,2060,7200,2110
ground,7200,2060,7250,2110
ground,7250,2060,7300,2110
ground,7300,2060,7350,2110
ground,7350,2060,7400,2110
ground,7400,2060,7450,2110
ground,7450,2060,7500,2110
ground,7500,2060,7550,2110
ground,7550,2060,7600,2110
ground,7600,2060,7650,2110
ground,7650,2060,7700,2110
ground,7700,2060,7750,2110
ground,7750,2060,7800,2110
ground,7800,2060,7850,2110
ground,7850,2060,7900,2110
ground,7900,2060,7950,2110
ground,7950,2060,8000,2110
ground,8000,2060,8050,2110
ground,8050,2060,8100,2110
ground,8100,2060,8150,2110
ground,8150,2060,8200,2110
ground,8200,2060,8250,2110
ground,8250,2060,8300,2110
ground,8300,2060,8350,2110
ground,8350,2060,8400,2110
ground,8400,2060,8450,2110
ground,8450,2060,8500,2110
ground,8500,2060,8550,2110
ground,8550,2060,8600,2110
ground,8600,2060,8650,2110
ground,8650,2060,8700,2110
ground,8700,2060,8750,2110
ground,8750,2060,8800,2110
ground,8800,2060,8850,2110
ground,8850,2060,8900,2110
ground,8900,2060,8950,2110
ground,8950,2060,9000,2110
ground,9000,2060,9050,2110
ground,9050,2060,9100,2110
ground,9100,2060,9150,2110
ground,9150,2060,9200,2110
ground,9200,2060,9250,2110
ground,9250,2060,9300,2110
ground,9300,2060,9350,2110
ground,9350,2060,9400,2110
ground,9400,2060,9450,2110
ground,9450,2060,9500,2110
ground,9500,2060,9550,2110
ground,9550,2060,9600,2110
ground,9600,2060,9650,2110
ground,9650,2060,9700,2110
ground,9700,2060,9750,2110
ground,9750,2060,9800,2110
ground,9800,2060,9850,2110
ground,9850,2060,9900,2110
ground,9900,2060,9950,2110
ground,9950,2060,10000,2110
ground,10000,2060,10050,2110
ground,10050,2060,10100,2110
ground,10100,2060,10150,2110
ground,10150,2060,10200,2110
ground,10200,2060,10250,2110
ground,10250,2060,10300,2110
ground,10300,2060,10350,2110
ground,10350,2060,10400,2110
ground,10400,2060,10450,2110
ground,10450,2060,10500,2110
ground,10500,2060,10550,2110
ground,10550,2060,10600,2110
ground,10600,2060,10650,2110
ground,10650,2060,10700,2110
ground,10700,2060,10750,2110
ground,10750,2060,10800,2110
ground,10800,2060,10850,2110
ground,10850,2060,10900,2110
ground,10900,2060,10950,2110
ground,10950,2060,11000,2110
ground,11000,2060,11050,2110
ground,11050,2060,11100,2110
ground,11100,2060,11150,2110
ground,11150,2060,11200,2110
ground,11200,2060,11250,2110
ground,11250,2060,11300,2110
ground,11300,2060,11350,2110
ground,11350,2060,11400,2110
ground,11400,2060,11450,2110
ground,11450,2060,11500,2110
ground,11500,2060,11550,2110
ground,11550,2060,11600,2110
ground,11600,2060,11650,2110
ground,11650,2060,11700,2110
ground,11700,2060,11750,2110
ground,11750,2060,11800,2110
ground,11800,2060,11850,2110
ground,11850,2060,11900,2110
ground,11900,2060,11950,2110
ground,11950,2060,12000,2110
ground,12000,2060,12050,2110
ground,12050,2060,12100,2110
ground,12100,2060,12150,2110
ground,12150,2060,12200,2110
ground,12200,2060,12250,2110
ground,12250,2060,12300,2110
ground,12300,2060,12350,2110
ground,12350,2060,12400,2110
ground,12400,2060,12450,2110
ground,12450,2060,12500,2110
ground,12500,2060,12550,2110
ground,12550,2060,12600,2110
ground,12600,2060,12650,2110
ground,12650,2060,12700,2110
ground,12700,2060,12750,2110
ground,12750,2060,12800,2110
ground,0,2110,50,2160
ground,50,2110,100,2160
ground,100,2110,150,2160
ground,150,2110,200,2160
ground,200,2110,250,2160
ground,250,2110,300,2160
ground,300,2110,350,2160
ground,350,2110,400,2160
ground,400,2110,450,2160
ground,450,2110,500,2160
ground,500,2110,550,2160
ground,550,2110,600,2160
ground,600,2110,650,2160
ground,650,2110,700,2160
ground,700,2110,750,2160
ground,750,2110,800,2160
ground,800,2110,850,2160
ground,850,2110,900,2160
ground,900,2110,950,2160
ground,950,2110,1000,2160
ground,1000,2110,1050,2160
ground,1050,2110,1100,2160
ground,1100,2110,1150,2160
ground,1150,2110,1200,2160
ground,1200,2110,1250,2160
ground,1250,2110,1300,2160
ground,1300,2110,1350,2160
ground,1350,2110,1400,2160
ground,1400,2110,1450,2160
ground,1450,2110,1500,2160
ground,1500,2110,1550,2160
ground,1550,2110,1600,2160
ground,1600,2110,1650,2160
ground,1650,2110,1700,2160
ground,1700,2110,1750,2160
ground,1750,2110,1800,2160
ground,1800,2110,1850,2160
ground,1850,2110,1900,2160
ground,1900,2110,1950,2160
ground,1950,2110,2000,2160
ground,2000,2110,2050,2160
ground,2050,2110,2100,2160
ground,2100,2110,2150,2160
ground,2150,2110,2200,2160
ground,2200,2110,2250,2160
ground,2250,2110,2300,2160
ground,2300,2110,2350,2160
ground,2350,2110,2400,2160
ground,2400,2110,2450,2160
ground,2450,2110,2500,2160
ground,2500,2110,2550,2160
ground,2550,2110,2600,2160
ground,2600,2110,2650,2160
ground,2650,2110,2700,2160
ground,2700,2110,2750,2160
ground,2750,2110,2800,2160
ground,2800,2110,2850,2160
ground,2850,2110,2900,2160
ground,2900,2110,2950,2160
ground,2950,2110,3000,2160
ground,3000,2110,3050,2160
ground,3050,2110,3100,2160
ground,3100,2110,3150,2160
ground,3150,2110,3200,2160
ground,3200,2110,3250,2160
ground,3250,2110,3300,2160
ground,3300,2110,3350,2160
ground,3350,2110,3400,2160
ground,3400,2110,3450,2160
ground,3450,2110,3500,2160
ground,3500,2110,3550,2160
ground,3550,2110,3600,2160
ground,3600,2110,3650,2160
ground,3650,2110,3700,2160
ground,3700,2110,3750,2160
ground,3750,2110,3800,2160
ground,3800,2110,3850,2160
ground,3850,2110,3900,2160
ground,3900,2110,3950,2160
ground,3950,2110,4000,2160
ground,4000,2110,4050,2160
ground,4050,2110,4100,2160
ground,4100,2110,4150,2160
ground,4150,2110,4200,2160
ground,4200,2110,4250,2160
ground,4250,2110,4300,2160
ground,4300,2110,4350,2160
ground,4350,2110,4400,2160
ground,4400,2110,4450,2160
ground,4450,2110,4500,2160
ground,4500,2110,4550,2160
ground,4550,2110,4600,2160
ground,4600,2110,4650,2160
ground,4650,2110,4700,2160
ground,4700,2110,4750,2160
ground,4750,2110,4800,2160
ground,4800,2110,4850,2160
ground,4850,2110,4900,2160
ground,4900,2110,4950,2160
ground,4950,2110,5000,2160
ground,5000,2110,5050,2160
ground,5050,2110,5100,2160
ground,5100,2110,5150,2160
ground,5150,2110,5200,2160
ground,5200,2110,5250,2160
ground,5250,2110,5300,2160
ground,5300,2110,5350,2160
ground,5350,2110,5400,2160
ground,5400,2110,5450,2160
ground,5450,2110,5500,2160
ground,5500,2110,5550,2160
ground,5550,2110,5600,2160
ground,5600,2110,5650,2160
ground,5650,2110,5700,2160
ground,5700,2110,5750,2160
ground,5750,2110,5800,2160
ground,5800,2110,5850,2160
ground,5850,2110,5900,2160
ground,5900,2110,5950,2160
ground,5950,2110,6000,2160
ground,6000,2110,6050,2160
ground,6050,2110,6100,2160
ground,6100,2110,6150,2160
ground,6150,2110,6200,2160
ground,6200,2110,6250,2160
ground,6250,2110,6300,2160
ground,6300,2110,6350,2160
ground,6350,2110,6400,2160
ground,6400,2110,6450,2160
ground,6450,2110,6500,2160
ground,6500,2110,6550,2160
ground,6550,2110,6600,2160
ground,6600,2110,6650,2160
ground,6650,2110,6700,2160
ground,6700,2110,6750,2160
ground,6750,2110,6800,2160
ground,6800,2110,6850,2160
ground,6850,2110,6900,2160
ground,6900,2110,6950,2160
ground,6950,2110,7000,2160
ground,7000,2110,7050,2160
ground,7050,2110,7100,2160
ground,7100,2110,7150,2160
ground,7150,2110,7200,2160
ground,7200,2110,7250,2160
ground,7250,2110,7300,2160
ground,7300,2110,7350,2160
ground,7350,2110,7400,2160
ground,7400,2110,7450,2160
ground,7450,2110,7500,2160
ground,7500,2110,7550,2160
ground,7550,2110,7600,2160
ground,7600,2110,7650,2160
ground,7650,2110,7700,2160
ground,7700,2110,7750,2160
ground,7750,2110,7800,2160
ground,7800,2110,7850,2160
ground,7850,2110,7900,2160
ground,7900,2110,7950,2160
ground,7950,2110,8000,2160
ground,8000,2110,8050,2160
ground,8050,2110,8100,2160
ground,8100,2110,8150,2160
ground,8150,2110,8200,2160
ground,8200,2110,8250,2160
ground,8250,2110,8300,2160
ground,8300,2110,8350,2160
ground,8350,2110,8400,2160
ground,8400,2110,8450,2160
ground,8450,2110,8500,2160
ground,8500,2110,8550,2160
ground,8550,2110,8600,2160
ground,8600,2110,8650,2160
ground,8650,2110,8700,2160
ground,8700,2110,8750,2160
ground,8750,2110,8800,2160
ground,8800,2110,8850,2160
ground,8850,2110,8900,2160
ground,8900,2110,8950,2160
ground,8950,2110,9000,2160
ground,9000,2110,9050,2160
ground,9050,2110,9100,2160
ground,9100,2110,9150,2160
ground,9150,2110,9200,2160
ground,9200,2110,9250,2160
ground,9250,2110,9300,2160
ground,9300,2110,9350,2160
ground,9350,2110,9400,2160
ground,9400,2110,9450,2160
ground,9450,2110,9500,2160
ground,9500,2110,9550,2160
ground,9550,2110,9600,2160
ground,9600,2110,9650,2160
ground,9650,2110,9700,2160
ground,9700,2110,9750,2160
ground,9750,2110,9800,2160
ground,9800,2110,9850,2160
ground,9850,2110,9900,2160
ground,9900,2110,9950,2160
ground,9950,2110,10000,2160
ground,10000,2110,10050,2160
ground,10050,2110,10100,2160
ground,10100,2110,10150,2160
ground,10150,2110,10200,2160
ground,10200,2110,10250,2160
ground,10250,2110,10300,2160
ground,10300,2110,10350,2160
ground,10350,2110,10400,2160
ground,10400,2110,10450,2160
ground,10450,2110,10500,2160
ground,10500,2110,10550,2160
ground,10550,2110,10600,2160
ground,10600,2110,10650,2160
ground,10650,2110,10700,2160
ground,10700,2110,10750,2160
ground,10750,2110,10800,2160
ground,10800,2110,10850,2160
ground,10850,2110,10900,2160
ground,10900,2110,10950,2160
ground,10950,2110,11000,2160
ground,11000,2110,11050,2160
ground,11050,2110,11100,2160
ground,11100,2110,11150,2160
ground,11150,2110,11200,2160
ground,11200,2110,11250,2160
ground,11250,2110,11300,2160
ground,11300,2110,11350,2160
ground,11350,2110,11400,2160
ground,11400,2110,11450,2160
ground,11450,2110,11500,2160
ground,11500,2110,11550,2160
ground,11550,2110,11600,2160
ground,11600,2110,11650,2160
ground,11650,2110,11700,2160
ground,11700,2110,11750,2160
ground,11750,2110,11800,2160
ground,11800,2110,11850,2160
ground,11850,2110,11900,2160
ground,11900,2110,11950,2160
ground,11950,2110,12000,2160
ground,12000,2110,12050,2160
ground,12050,2110,12100,2160
ground,12100,2110,12150,2160
ground,12150,2110,12200,2160
ground,12200,2110,12250,2160
ground,12250,2110,12300,2160
ground,12300,2110,12350,2160
ground,12350,2110,12400,2160
ground,12400,2110,12450,2160
ground,12450,2110,12500,2160
ground,12500,2110,12550,2160
ground,12550,2110,12600,2160
ground,12600,2110,12650,2160
ground,12650,2110,12700,2160
ground,12700,2110,12750,2160
ground,12750,2110,12800,2160
ground,100,1850,150,1900
ground,400,1850,450,1900
ground,1650,1600,1700,1650
ground,650,1800,700,1850
ground,1850,1000,1900,1050
ground,2000,900,2050,950
ground,2500,1800,2550,1850
ground,2500,1850,2550,1900
ground,2500,1900,2550,1950
ground,2500,1950,2550,2000
ground,2500,2000,2550,2050
ground,2250,1750,2300,1800
ground,2300,1750,2350,1800
ground,2350,1750,2400,1800
ground,2400,1750,2450,1800
ground,2450,1650,2500,1700
ground,2450,1700,2500,1750
ground,2450,1750,2500,1800
ground,2450,1800,2500,1850
ground,2450,1850,2500,1900
ground,2350,1700,2400,1750
ground,2400,1700,2450,1750
ground,2350,1650,2400,1700
ground,2400,1450,2450,1500
ground,2400,1500,2450,1550
ground,2400,1550,2450,1600
ground,2400,1600,2450,1650
ground,2400,1650,2450,1700
ground,2350,1400,2400,1450
ground,2350,1450,2400,1500
ground,2350,1500,2400,1550
ground,2350,1550,2400,1600
ground,2350,1600,2400,1650
ground,2300,1300,2350,1350
ground,2300,1350,2350,1400
ground,2300,1400,2350,1450
ground,2300,1450,2350,1500
ground,2100,1450,2150,1500
ground,2150,1450,2200,1500
ground,2200,1450,2250,1500
ground,2250,1250,2300,1300
ground,2250,1300,2300,1350
ground,2250,1350,2300,1400
ground,2250,1400,2300,1450
ground,2250,1450,2300,1500
ground,2200,1200,2250,1250
ground,2200,1250,2250,1300
ground,2200,1300,2250,1350
ground,2200,1350,2250,1400
ground,2200,1400,2250,1450
ground,2100,1400,2150,1450
ground,2150,1400,2200,1450
ground,2150,1150,2200,1200
ground,2150,1200,2200,1250
ground,2150,1250,2200,1300
ground,2150,1300,2200,1350
ground,2150,1350,2200,1400
ground,2100,1150,2150,1200
ground,2100,1200,2150,1250
ground,2100,1250,2150,1300
ground,2100,1300,2150,1350
ground,2100,1350,2150,1400
ground,2050,1100,2100,1150
ground,2050,1150,2100,1200
ground,2050,1200,2100,1250
ground,2050,1250,2100,1300
ground,2050,1300,2100,1350
ground,2000,1100,2050,1150
ground,2000,1150,2050,1200
ground,2000,1200,2050,1250
ground,2000,1250,2050,1300
ground,2000,1300,2050,1350
ground,1950,1100,2000,1150
ground,1900,1100,1950,1150
ground,1800,1100,1850,1150
ground,1850,1100,1900,1150
ground,1750,1100,1800,1150
ground,1650,1100,1700,1150
ground,1650,1150,1700,1200
ground,1650,1200,1700,1250
ground,1650,1250,1700,1300
ground,1700,1100,1750,1150
ground,1700,1150,1750,1200
ground,1700,1200,1750,1250
ground,1700,1250,1750,1300
ground,1600,1100,1650,1150
ground,1600,1150,1650,1200
ground,1600,1200,1650,1250
ground,1600,1250,1650,1300
ground,1600,1300,1650,1350
ground,1550,1100,1600,1150
ground,1550,1150,1600,1200
ground,1550,1200,1600,1250
ground,1550,1250,1600,1300
ground,1550,1300,1600,1350
ground,1500,1100,1550,1150
ground,1500,1150,1550,1200
ground,1500,1200,1550,1250
ground,1500,1250,1550,1300
ground,1500,1300,1550,1350
ground,1250,1100,1300,1150
ground,1300,1100,1350,1150
ground,1350,1100,1400,1150
ground,1400,1100,1450,1150
ground,1400,1150,1450,1200
ground,1400,1200,1450,1250
ground,1400,1250,1450,1300
ground,1400,1300,1450,1350
ground,1450,1100,1500,1150
ground,1450,1150,1500,1200
ground,1450,1200,1500,1250
ground,1450,1250,1500,1300
ground,1450,1300,1500,1350
ground,1150,1150,1200,1200
ground,1200,1150,1250,1200
ground,1250,1150,1300,1200
ground,1300,1150,1350,1200
ground,1350,1150,1400,1200
ground,1350,1200,1400,1250
ground,1350,1250,1400,1300
ground,1350,1300,1400,1350
ground,1100,1200,1150,1250
ground,1150,1200,1200,1250
ground,1200,1200,1250,1250
ground,1250,1200,1300,1250
ground,1300,1200,1350,1250
ground,1300,1250,1350,1300
ground,1300,1300,1350,1350
ground,1300,1350,1350,1400
ground,1050,1250,1100,1300
ground,1100,1250,1150,1300
ground,1150,1250,1200,1300
ground,1200,1250,1250,1300
ground,1250,1250,1300,1300
ground,1250,1300,1300,1350
ground,1250,1350,1300,1400
ground,1200,1300,1250,1350
ground,1200,1350,1250,1400
ground,950,1300,1000,1350
ground,1000,1300,1050,1350
ground,1050,1300,1100,1350
ground,1100,1300,1150,1350
ground,1150,1300,1200,1350
ground,1150,1350,1200,1400
ground,900,1350,950,1400
ground,900,1400,950,1450
ground,950,1350,1000,1400
ground,950,1400,1000,1450
ground,1000,1350,1050,1400
ground,1000,1400,1050,1450
ground,1050,1350,1100,1400
ground,1050,1400,1100,1450
ground,1100,1350,1150,1400
ground,850,1450,900,1500
ground,850,1500,900,1550
ground,850,1550,900,1600
ground,900,1450,950,1500
ground,900,1500,950,1550
ground,900,1550,950,1600
ground,950,1450,1000,1500
ground,950,1500,1000,1550
ground,950,1550,1000,1600
ground,1000,1450,1050,1500
ground,1000,1500,1050,1550
ground,1000,1550,1050,1600
ground,1050,1450,1100,1500
ground,1050,1500,1100,1550
ground,1050,1550,1100,1600
ground,750,1600,800,1650
ground,750,1650,800,1700
ground,750,1700,800,1750
ground,800,1600,850,1650
ground,800,1650,850,1700
ground,800,1700,850,1750
ground,850,1600,900,1650
ground,700,1750,750,1800
ground,700,1800,750,1850
ground,650,1850,700,1900
ground,700,1850,750,1900
ground,750,1750,800,1800
ground,750,1800,800,1850
ground,750,1850,800,1900
ground,800,1750,850,1800
ground,800,1800,850,1850
ground,800,1850,850,1900
ground,800,1900,850,1950
ground,850,1900,900,1950
ground,900,1900,950,1950
ground,950,1900,1000,1950
ground,950,1950,1000,2000
ground,1000,1900,1050,1950
ground,1000,1950,1050,2000
ground,850,1650,900,1700
ground,850,1700,900,1750
ground,850,1750,900,1800
ground,850,1800,900,1850
ground,850,1850,900,1900
ground,900,1850,950,1900
ground,950,1850,1000,1900
ground,1000,1850,1050,1900
ground,900,1600,950,1650
ground,900,1650,950,1700
ground,900,1700,950,1750
ground,900,1750,950,1800
ground,900,1800,950,1850
ground,950,1600,1000,1650
ground,950,1650,1000,1700
ground,950,1700,1000,1750
ground,950,1750,1000,1800
ground,950,1800,1000,1850
ground,1000,1600,1050,1650
ground,1000,1650,1050,1700
ground,1000,1700,1050,1750
ground,1000,1750,1050,1800
ground,1000,1800,1050,1850
ground,1050,1600,1100,1650
ground,1050,1650,1100,1700
ground,1050,1700,1100,1750
ground,1100,1650,1150,1700
ground,1100,1700,1150,1750
ground,1100,1400,1150,1450
ground,1100,1450,1150,1500
ground,1100,1500,1150,1550
ground,1100,1550,1150,1600
ground,1100,1600,1150,1650
ground,1150,1400,1200,1450
ground,1150,1450,1200,1500
ground,1150,1500,1200,1550
ground,1200,1400,1250,1450
ground,1200,1450,1250,1500
ground,1200,1500,1250,1550
ground,1250,1400,1300,1450
ground,1250,1450,1300,1500
ground,1250,1500,1300,1550
ground,1300,1400,1350,1450
ground,1300,1450,1350,1500
ground,1300,1500,1350,1550
ground,1350,1350,1400,1400
ground,1350,1400,1400,1450
ground,1350,1450,1400,1500
ground,1350,1500,1400,1550
ground,1400,1350,1450,1400
ground,1150,1550,1200,1600
ground,1150,1600,1200,1650
ground,1150,1650,1200,1700
ground,1150,1700,1200,1750
ground,1200,1550,1250,1600
ground,1200,1600,1250,1650
ground,1200,1650,1250,1700
ground,1200,1700,1250,1750
ground,1250,1550,1300,1600
ground,1250,1600,1300,1650
ground,1250,1650,1300,1700
ground,1250,1700,1300,1750
ground,1300,1550,1350,1600
ground,1300,1600,1350,1650
ground,1350,1550,1400,1600
ground,1350,1600,1400,1650
ground,1050,2000,1100,2050
ground,1100,2000,1150,2050
ground,1050,1750,1100,1800
ground,1050,1800,1100,1850
ground,1050,1850,1100,1900
ground,1050,1900,1100,1950
ground,1050,1950,1100,2000
ground,1100,1750,1150,1800
ground,1100,1800,1150,1850
ground,1100,1850,1150,1900
ground,1100,1900,1150,1950
ground,1100,1950,1150,2000
ground,1150,1750,1200,1800
ground,1200,1750,1250,1800
ground,1400,1400,1450,1450
ground,1400,1450,1450,1500
ground,1400,1500,1450,1550
ground,1400,1550,1450,1600
ground,1400,1600,1450,1650
ground,1450,1600,1500,1650
ground,1500,1600,1550,1650
ground,1550,1600,1600,1650
ground,1600,1600,1650,1650
ground,1450,1350,1500,1400
ground,1450,1400,1500,1450
ground,1450,1450,1500,1500
ground,1450,1500,1500,1550
ground,1450,1550,1500,1600
ground,1500,1350,1550,1400
ground,1500,1400,1550,1450
ground,1500,1450,1550,1500
ground,1500,1500,1550,1550
ground,1500,1550,1550,1600
ground,1550,1350,1600,1400
ground,1550,1400,1600,1450
ground,1550,1450,1600,1500
ground,1550,1500,1600,1550
ground,1550,1550,1600,1600
ground,1600,1350,1650,1400
ground,1600,1400,1650,1450
ground,1600,1450,1650,1500
ground,1600,1500,1650,1550
ground,1600,1550,1650,1600
ground,1650,1550,1700,1600
ground,1300,1650,1350,1700
ground,1300,1700,1350,1750
ground,1350,1650,1400,1700
ground,1350,1700,1400,1750
ground,1400,1650,1450,1700
ground,1450,1650,1500,1700
ground,1500,1650,1550,1700
ground,1250,1750,1300,1800
ground,1650,1300,1700,1350
ground,1650,1350,1700,1400
ground,1650,1400,1700,1450
ground,1650,1450,1700,1500
ground,1650,1500,1700,1550
ground,1700,1300,1750,1350
ground,1700,1350,1750,1400
ground,1700,1400,1750,1450
ground,1750,1400,1800,1450
ground,1750,1150,1800,1200
ground,1750,1200,1800,1250
ground,1750,1250,1800,1300
ground,1750,1300,1800,1350
ground,1750,1350,1800,1400
ground,1800,1150,1850,1200
ground,1800,1200,1850,1250
ground,1800,1250,1850,1300
ground,1800,1300,1850,1350
ground,1800,1350,1850,1400
ground,1850,1150,1900,1200
ground,1850,1200,1900,1250
ground,1850,1250,1900,1300
ground,1850,1300,1900,1350
ground,1900,1150,1950,1200
ground,1900,1200,1950,1250
ground,1900,1250,1950,1300
ground,1900,1300,1950,1350
ground,1950,1150,2000,1200
ground,1950,1200,2000,1250
ground,1950,1250,2000,1300
ground,1950,1300,2000,1350
ground,1400,1700,1450,1750
ground,1300,1750,1350,1800
ground,1350,1750,1400,1800
ground,1400,1750,1450,1800
ground,1700,1450,1750,1500
ground,1700,1500,1750,1550
ground,1700,1550,1750,1600
ground,1700,1600,1750,1650
ground,1750,1450,1800,1500
ground,1750,1500,1800,1550
ground,1750,1550,1800,1600
ground,1750,1600,1800,1650
ground,1400,1800,1450,1850
ground,1400,1850,1450,1900
ground,1400,1900,1450,1950
ground,1400,1950,1450,2000
ground,1400,2000,1450,2050
ground,1450,1950,1500,2000
ground,1550,1650,1600,1700
ground,1600,1650,1650,1700
ground,1650,1650,1700,1700
ground,1700,1650,1750,1700
ground,1700,1700,1750,1750
ground,1850,1350,1900,1400
ground,1900,1350,1950,1400
ground,1950,1350,2000,1400
ground,2000,1350,2050,1400
ground,2050,1350,2100,1400
ground,2050,1400,2100,1450
ground,2050,1450,2100,1500
ground,1750,2050,1800,2100
ground,1150,1800,1200,1850
ground,1150,1850,1200,1900
ground,1150,1900,1200,1950
ground,1150,1950,1200,2000
ground,1200,1800,1250,1850
ground,1200,1850,1250,1900
ground,1200,1900,1250,1950
ground,1200,1950,1250,2000
ground,1250,1800,1300,1850
ground,1250,1850,1300,1900
ground,1250,1900,1300,1950
ground,1250,1950,1300,2000
ground,1300,1800,1350,1850
ground,1300,1850,1350,1900
ground,1300,1900,1350,1950
ground,1300,1950,1350,2000
ground,1350,1800,1400,1850
ground,1350,1850,1400,1900
ground,1350,1900,1400,1950
ground,1350,1950,1400,2000
ground,1450,1700,1500,1750
ground,1450,1750,1500,1800
ground,1450,1800,1500,1850
ground,1450,1850,1500,1900
ground,1450,1900,1500,1950
ground,1500,1700,1550,1750
ground,1500,1750,1550,1800
ground,1500,1800,1550,1850
ground,1500,1850,1550,1900
ground,1550,1700,1600,1750
ground,1550,1750,1600,1800
ground,1600,1700,1650,1750
ground,1600,1750,1650,1800
ground,1650,1700,1700,1750
ground,1650,1750,1700,1800
ground,1550,1800,1600,1850
ground,1550,1850,1600,1900
ground,1600,1800,1650,1850
ground,1600,1850,1650,1900
ground,1650,1800,1700,1850
ground,1650,1850,1700,1900
ground,1750,2000,1800,2050
ground,2250,1500,2300,1550
ground,2250,1550,2300,1600
ground,2250,1600,2300,1650
ground,2250,1650,2300,1700
ground,2250,1700,2300,1750
ground,2300,1500,2350,1550
ground,2300,1550,2350,1600
ground,2300,1600,2350,1650
ground,2300,1650,2350,1700
ground,2300,1700,2350,1750
ground,2050,1800,2100,1850
ground,2050,1850,2100,1900
ground,2200,1750,2250,1800
ground,2000,1800,2050,1850
ground,2000,1850,2050,1900
ground,1750,2100,1800,2150
ground,1700,1750,1750,1800
ground,1700,1800,1750,1850
ground,1700,1850,1750,1900
ground,1750,1900,1800,1950
ground,1750,1950,1800,2000
ground,1750,1650,1800,1700
ground,1750,1700,1800,1750
ground,1750,1750,1800,1800
ground,1750,1800,1800,1850
ground,1750,1850,1800,1900
ground,1800,1650,1850,1700
ground,1800,1700,1850,1750
ground,1800,1750,1850,1800
ground,1800,1800,1850,1850
ground,1800,1850,1850,1900
ground,1850,1650,1900,1700
ground,1850,1700,1900,1750
ground,1850,1750,1900,1800
ground,1850,1800,1900,1850
ground,1850,1850,1900,1900
ground,1900,1650,1950,1700
ground,1900,1700,1950,1750
ground,1900,1750,1950,1800
ground,1900,1800,1950,1850
ground,1900,1850,1950,1900
ground,1950,1800,2000,1850
ground,1950,1850,2000,1900
ground,1800,1400,1850,1450
ground,1800,1450,1850,1500
ground,1800,1500,1850,1550
ground,1800,1550,1850,1600
ground,1800,1600,1850,1650
ground,1850,1400,1900,1450
ground,1850,1450,1900,1500
ground,1850,1500,1900,1550
ground,1850,1550,1900,1600
ground,1850,1600,1900,1650
ground,1900,1400,1950,1450
ground,1900,1450,1950,1500
ground,1900,1500,1950,1550
ground,1900,1550,1950,1600
ground,1900,1600,1950,1650
ground,1950,1400,2000,1450
ground,1950,1450,2000,1500
ground,1950,1500,2000,1550
ground,2000,1400,2050,1450
ground,2000,1450,2050,1500
ground,1700,2150,1750,2200
ground,1750,2150,1800,2200
ground,1800,1900,1850,1950
ground,1800,1950,1850,2000
ground,1850,1900,1900,1950
ground,1850,1950,1900,2000
ground,1900,1900,1950,1950
ground,1900,1950,1950,2000
ground,1950,1900,2000,1950
ground,1950,1950,2000,2000
ground,2000,1500,2050,1550
ground,2050,1500,2100,1550
ground,2100,1500,2150,1550
ground,2150,1500,2200,1550
ground,2200,1500,2250,1550
ground,2200,1550,2250,1600
ground,2200,1600,2250,1650
ground,2200,1650,2250,1700
ground,2200,1700,2250,1750
ground,2050,2150,2100,2200
ground,2000,1900,2050,1950
ground,2000,1950,2050,2000
ground,2050,1900,2100,1950
ground,2050,1950,2100,2000
ground,2050,2000,2100,2050
ground,2050,2050,2100,2100
ground,2050,2100,2100,2150
ground,1950,1550,2000,1600
ground,1950,1600,2000,1650
ground,1950,1650,2000,1700
ground,1950,1700,2000,1750
ground,1950,1750,2000,1800
ground,2000,1550,2050,1600
ground,2000,1600,2050,1650
ground,2000,1650,2050,1700
ground,2000,1700,2050,1750
ground,2000,1750,2050,1800
ground,2050,1550,2100,1600
ground,2050,1600,2100,1650
ground,2050,1650,2100,1700
ground,2050,1700,2100,1750
ground,2050,1750,2100,1800
ground,2100,1550,2150,1600
ground,2100,1600,2150,1650
ground,2100,1650,2150,1700
ground,2100,1700,2150,1750
ground,2100,1750,2150,1800
ground,2150,1550,2200,1600
ground,2150,1600,2200,1650
ground,2150,1650,2200,1700
ground,2150,1700,2200,1750
ground,2150,1750,2200,1800
ground,2100,1800,2150,1850
ground,2100,1850,2150,1900
ground,2100,1900,2150,1950
ground,2150,1800,2200,1850
ground,2150,1850,2200,1900
ground,2150,1900,2200,1950
ground,2100,1950,2150,2000
ground,2100,2000,2150,2050
ground,2100,2050,2150,2100
ground,2100,2100,2150,2150
ground,2100,2150,2150,2200
ground,2150,1950,2200,2000
ground,2150,2000,2200,2050
ground,2150,2050,2200,2100
ground,2150,2100,2200,2150
ground,2150,2150,2200,2200
ground,2200,1800,2250,1850
ground,2200,1850,2250,1900
ground,2200,1900,2250,1950
ground,2200,1950,2250,2000
ground,2200,2000,2250,2050
ground,2250,1800,2300,1850
ground,2250,1850,2300,1900
ground,2300,1800,2350,1850
ground,2300,1850,2350,1900
ground,2350,1800,2400,1850
ground,2350,1850,2400,1900
ground,2400,1800,2450,1850
ground,2400,1850,2450,1900
ground,2250,1900,2300,1950
ground,2250,1950,2300,2000
ground,2250,2000,2300,2050
ground,2300,1900,2350,1950
ground,2300,1950,2350,2000
ground,2300,2000,2350,2050
ground,2350,1900,2400,1950
ground,2350,1950,2400,2000
ground,2350,2000,2400,2050
ground,2400,1900,2450,1950
ground,2400,1950,2450,2000
ground,2400,2000,2450,2050
ground,2450,1900,2500,1950
ground,2450,1950,2500,2000
ground,2450,2000,2500,2050
ground,2450,2050,2500,2100
ground,2450,2100,2500,2150
ground,2450,2150,2500,2200
ground,2500,2100,2550,2150
ground,2500,2150,2550,2200
ground,2550,2100,2600,2150
ground,2550,2150,2600,2200
ground,2200,2050,2250,2100
ground,2200,2100,2250,2150
ground,2200,2150,2250,2200
ground,2250,2050,2300,2100
ground,2250,2100,2300,2150
ground,2250,2150,2300,2200
ground,2300,2050,2350,2100
ground,2300,2100,2350,2150
ground,2300,2150,2350,2200
ground,2350,2050,2400,2100
ground,2350,2100,2400,2150
ground,2350,2150,2400,2200
ground,2400,2050,2450,2100
ground,2400,2100,2450,2150
ground,2400,2150,2450,2200
ground,1800,2000,1850,2050
ground,1800,2050,1850,2100
ground,1800,2100,1850,2150
ground,1800,2150,1850,2200
ground,1850,2000,1900,2050
ground,1850,2050,1900,2100
ground,1850,2100,1900,2150
ground,1850,2150,1900,2200
ground,1900,2000,1950,2050
ground,1900,2050,1950,2100
ground,1900,2100,1950,2150
ground,1900,2150,1950,2200
ground,1950,2000,2000,2050
ground,1950,2050,2000,2100
ground,1950,2100,2000,2150
ground,1950,2150,2000,2200
ground,2000,2000,2050,2050
ground,2000,2050,2050,2100
ground,2000,2100,2050,2150
ground,2000,2150,2050,2200
ground,1450,2000,1500,2050
ground,1500,2150,1550,2200
ground,1550,2150,1600,2200
ground,1600,2150,1650,2200
ground,1650,2150,1700,2200
ground,1150,2000,1200,2050
ground,1200,2000,1250,2050
ground,1250,2000,1300,2050
ground,1300,2000,1350,2050
ground,1350,2000,1400,2050
ground,1100,2050,1150,2100
ground,1100,2100,1150,2150
ground,1100,2150,1150,2200
ground,1000,2000,1050,2050
ground,950,2000,1000,2050
ground,900,1950,950,2000
ground,900,2000,950,2050
ground,850,1950,900,2000
ground,550,1900,600,1950
ground,550,1950,600,2000
ground,550,2000,600,2050
ground,550,2050,600,2100
ground,550,2100,600,2150
ground,600,1900,650,1950
ground,650,1900,700,1950
ground,700,1900,750,1950
ground,750,1900,800,1950
ground,600,1950,650,2000
ground,600,2000,650,2050
ground,600,2050,650,2100
ground,600,2100,650,2150
ground,600,2150,650,2200
ground,650,1950,700,2000
ground,700,1950,750,2000
ground,750,1950,800,2000
ground,800,1950,850,2000
ground,650,2000,700,2050
ground,650,2050,700,2100
ground,650,2100,700,2150
ground,650,2150,700,2200
ground,700,2000,750,2050
ground,700,2050,750,2100
ground,700,2100,750,2150
ground,700,2150,750,2200
ground,750,2000,800,2050
ground,750,2050,800,2100
ground,750,2100,800,2150
ground,750,2150,800,2200
ground,800,2000,850,2050
ground,800,2050,850,2100
ground,800,2100,850,2150
ground,800,2150,850,2200
ground,850,2000,900,2050
ground,850,2050,900,2100
ground,850,2100,900,2150
ground,850,2150,900,2200
ground,900,2050,950,2100
ground,900,2100,950,2150
ground,900,2150,950,2200
ground,950,2050,1000,2100
ground,950,2100,1000,2150
ground,950,2150,1000,2200
ground,1000,2050,1050,2100
ground,1000,2100,1050,2150
ground,1000,2150,1050,2200
ground,1050,2050,1100,2100
ground,1050,2100,1100,2150
ground,1050,2150,1100,2200
ground,1150,2050,1200,2100
ground,1150,2100,1200,2150
ground,1150,2150,1200,2200
ground,1200,2050,1250,2100
ground,1200,2100,1250,2150
ground,1200,2150,1250,2200
ground,1250,2050,1300,2100
ground,1250,2100,1300,2150
ground,1250,2150,1300,2200
ground,1300,2050,1350,2100
ground,1300,2100,1350,2150
ground,1300,2150,1350,2200
ground,1350,2050,1400,2100
ground,1350,2100,1400,2150
ground,1350,2150,1400,2200
ground,1400,2050,1450,2100
ground,1400,2100,1450,2150
ground,1400,2150,1450,2200
ground,1450,2050,1500,2100
ground,1450,2100,1500,2150
ground,1450,2150,1500,2200
ground,1500,1900,1550,1950
ground,1500,1950,1550,2000
ground,1500,2000,1550,2050
ground,1500,2050,1550,2100
ground,1500,2100,1550,2150
ground,1550,1900,1600,1950
ground,1550,1950,1600,2000
ground,1550,2000,1600,2050
ground,1550,2050,1600,2100
ground,1550,2100,1600,2150
ground,1600,1900,1650,1950
ground,1600,1950,1650,2000
ground,1600,2000,1650,2050
ground,1600,2050,1650,2100
ground,1600,2100,1650,2150
ground,1650,1900,1700,1950
ground,1650,1950,1700,2000
ground,1650,2000,1700,2050
ground,1650,2050,1700,2100
ground,1650,2100,1700,2150
ground,1700,1900,1750,1950
ground,1700,1950,1750,2000
ground,1700,2000,1750,2050
ground,1700,2050,1750,2100
ground,1700,2100,1750,2150
grass,375,1975,425,2025
grass,375,2025,425,2075
grass,425,2025,475,2075
grass,425,1925,475,1975
grass,425,1975,475,2025
grass,525,1825,575,1875
grass,525,1875,575,1925
grass,675,1725,725,1775
grass,675,1675,725,1725
grass,725,1525,775,1575
grass,775,1525,825,1575
grass,775,1575,825,1625
grass,775,1425,825,1475
grass,775,1475,825,1525
grass,825,1475,875,1525
grass,825,1375,875,1425
grass,825,1425,875,1475
grass,875,1375,925,1425
grass,925,1275,975,1325
grass,975,1225,1025,1275
grass,975,1275,1025,1325
grass,1025,1175,1075,1225
grass,1025,1225,1075,1275
grass,1175,1075,1225,1125
grass,1225,1025,1275,1075
grass,1375,1025,1425,1075
grass,1375,1075,1425,1125
grass,1425,1025,1475,1075
grass,1425,1075,1475,1125
grass,1475,1025,1525,1075
grass,1475,1075,1525,1125
grass,1525,1025,1575,1075
grass,1525,1075,1575,1125
grass,1575,1025,1625,1075
grass,1575,1075,1625,1125
grass,1625,1025,1675,1075
grass,1625,1075,1675,1125
grass,1675,1025,1725,1075
grass,1675,1075,1725,1125
grass,1725,1025,1775,1075
grass,1725,1075,1775,1125
grass,1775,1025,1825,1075
grass,1775,1075,1825,1125
grass,1825,1025,1875,1075
grass,1825,1075,1875,1125
grass,1875,1025,1925,1075
grass,1875,1075,1925,1125
grass,1925,1025,1975,1075
grass,1925,1075,1975,1125
grass,1975,1025,2025,1075
grass,1975,1075,2025,1125
grass,2025,1025,2075,1075
grass,2025,1075,2075,1125
grass,2075,1025,2125,1075
grass,2075,1075,2125,1125
grass,2125,1075,2175,1125
grass,2125,1125,2175,1175
grass,2175,1075,2225,1125
grass,2175,1125,2225,1175
grass,2175,1175,2225,1225
grass,2175,1225,2225,1275
grass,2225,1175,2275,1225
grass,2225,1225,2275,1275
grass,2225,1275,2275,1325
grass,2275,1225,2325,1275
grass,2275,1275,2325,1325
grass,2275,1325,2325,1375
grass,2325,1275,2375,1325
grass,2325,1325,2375,1375
grass,2325,1375,2375,1425
grass,2325,1425,2375,1475
grass,2375,1375,2425,1425
grass,2375,1425,2425,1475
grass,2425,1475,2475,1525
grass,2475,1475,2525,1525
grass,2425,1525,2475,1575
grass,2425,1575,2475,1625
grass,2475,1525,2525,1575
grass,2475,1575,2525,1625
grass,2425,1625,2475,1675
grass,2425,1675,2475,1725
grass,2475,1625,2525,1675
grass,2475,1675,2525,1725
grass,2475,1775,2525,1825
grass,2475,1825,2525,1875
grass,2525,1775,2575,1825
grass,2525,1825,2575,1875
grass,2525,1875,2575,1925
grass,2575,1875,2625,1925
grass,2525,1925,2575,1975
grass,2575,1925,2625,1975
grass,2525,1975,2575,2025
grass,2575,1975,2625,2025
grass,2525,2025,2575,2075
grass,2525,2075,2575,2125
grass,2575,2025,2625,2075
grass,2575,2075,2625,2125
grass,475,2025,525,2075
grass,525,2025,575,2075
grass,475,1925,525,1975
grass,475,1975,525,2025
grass,525,1925,575,1975
grass,525,1975,575,2025
grass,575,1825,625,1875
grass,575,1875,625,1925
grass,625,1875,675,1925
grass,625,1825,675,1875
grass,675,1775,725,1825
grass,675,1825,725,1875
grass,725,1675,775,1725
grass,775,1625,825,1675
grass,775,1675,825,1725
grass,825,1525,875,1575
grass,825,1575,875,1625
grass,875,1525,925,1575
grass,875,1575,925,1625
grass,925,1525,975,1575
grass,975,1475,1025,1525
grass,975,1525,1025,1575
grass,1075,1375,1125,1425
grass,625,1525,675,1575
grass,625,1575,675,1625
grass,675,1525,725,1575
grass,575,1675,625,1725
grass,625,1675,675,1725
grass,575,1725,625,1775
grass,575,1775,625,1825
grass,625,1725,675,1775
grass,625,1775,675,1825
grass,675,1575,725,1625
grass,675,1625,725,1675
grass,725,1575,775,1625
grass,725,1625,775,1675
grass,875,1425,925,1475
grass,875,1475,925,1525
grass,925,1425,975,1475
grass,925,1475,975,1525
grass,975,1425,1025,1475
grass,1025,1425,1075,1475
grass,1075,1175,1125,1225
grass,1075,1225,1125,1275
grass,1125,1225,1175,1275
grass,1125,1125,1175,1175
grass,1125,1175,1175,1225
grass,1175,1125,1225,1175
grass,1175,1175,1225,1225
grass,1025,1275,1075,1325
grass,1075,1275,1125,1325
grass,1075,1325,1125,1375
grass,1025,1325,1075,1375
grass,1025,1375,1075,1425
grass,925,1325,975,1375
grass,925,1375,975,1425
grass,975,1325,1025,1375
grass,975,1375,1025,1425
grass,1225,1075,1275,1125
grass,1225,1125,1275,1175
grass,1275,1125,1325,1175
grass,1275,1025,1325,1075
grass,1275,1075,1325,1125
grass,1325,1025,1375,1075
grass,1325,1075,1375,1125
